Bio,Following Count,Followers Count,Location,Website
"Providing Entertainment & Travel to Commercial Radio. Reaching 28.9M weekly listeners. Winners of The Arqiva National Sales Team of the Year 2010, 2011 & 2016",452,N/A,"London, England",gtn.uk.com/index.php
"push, push",4,N/A,California,bit.ly/WatchPushPush
Customs Broker,124,N/A,"Florida, USA",N/A
A & A Freight | Warehousing | Customs Brokerage | Helping people ship across borders.,"3,866",N/A,Worldwide,aacb.com
A commercial glass and glazing company serving the window industry in New England since 1954. #SafetyQualityService,88,N/A,"Malden, MA",aawindowproducts.com
"A&B Kia is a Kia dealer in Benwood, WV. Stay connected to exceed expectations. Build strong relationships. Drive the best with us.",331,N/A,"Benwood, West Virginia ",aandbautosales.com
"Industry leader in wholesale home decor, furniture, and garden, since 1993.",178,N/A,"Rancho Cucamonga, CA",abhomeinc.com
"From large format black & white prints to the most sophisticated of digital color printing jobs, A & B can get the job done right.",123,N/A,"Bentonville, AR",abrepro.com
ONE MONTH TIL SQUID GAME,"2,240",N/A,"California, USA",netflix.com
"A & C CHRISTOFI LTD is a fast growing professional services company based in Limassol, Cyprus. Our main Concern is your Business.",291,N/A,Cyprus,acccyp.com
Used Clothing Distributor,0,N/A,Carteret,aeclothing.net
#HeyGoogle,281,N/A,"Mountain View, CA",blog.google/newsletter-sub…
N/A,1,N/A,"Boulder, CO USA",ae-technologies.com
"Create, manage and grow your business online with Wix. It’s more than just a website builder, it’s how your vision comes to life. For support: 
@WixHelp
.","3,700",N/A,We're everywhere!,wix.com
"A & G Insurance prides itself on being your local, full service, Independent Insurance Agency.",256,N/A,Connecticut,aginsuranceinc.com
